{
  "exp1_threshold_analysis": {
    "threshold": [
      50.0,
      60.0,
      70.0,
      75.0,
      80.0,
      85.0,
      90.0
    ],
    "avg_recommendations": [
      4.1,
      2.5,
      1.3,
      0.6,
      0.0,
      0.0,
      0.0
    ],
    "qualified_employees": [
      10,
      10,
      9,
      5,
      0,
      0,
      0
    ],
    "avg_top_score": [
      74.84300231933594,
      74.84300231933594,
      75.46111297607422,
      77.52600860595703,
      NaN,
      NaN,
      NaN
    ]
  },
  "exp2_skill_progression": {
    "stage": [
      "Initial",
      "After Course 1",
      "After Course 2",
      "After Course 3"
    ],
    "similarity_score": [
      42.060001373291016,
      46.12727504807806,
      50.76942537832064,
      56.83164322978479
    ],
    "skill_gaps": [
      5,
      3,
      1,
      0
    ],
    "courses_completed": [
      4,
      5,
      6,
      7
    ]
  },
  "exp3_blockchain_performance": {
    "operation": [
      "Issue",
      "Issue",
      "Issue",
      "Issue",
      "Verify",
      "Verify",
      "Verify",
      "Verify"
    ],
    "num_credentials": [
      10,
      50,
      100,
      500,
      10,
      50,
      100,
      500
    ],
    "time_ms": [
      354.6617031097412,
      1684.5574378967285,
      3446.5205669403076,
      19775.638818740845,
      1.001119613647461,
      0.0,
      0.0,
      6.793975830078125
    ],
    "throughput": [
      28.19588332294719,
      29.68138626512374,
      29.014769550258702,
      25.283633291591237,
      9988.816384853537,
      50000,
      100000,
      73594.60976979225
    ]
  },
  "exp4_model_comparison": {
    "model": [
      "all-MiniLM-L6-v2",
      "all-MiniLM-L12-v2",
      "paraphrase-MiniLM-L6-v2"
    ],
    "avg_similarity": [
      44.04969811439514,
      51.16785764694214,
      43.079203367233276
    ],
    "std_similarity": [
      17.815206944942474,
      15.938006341457367,
      16.144990921020508
    ],
    "inference_time_ms": [
      82.28111267089844,
      147.3672389984131,
      88.23847770690918
    ],
    "model_size_mb": [
      22.7,
      33.4,
      22.7
    ]
  },
  "exp5_scalability": {
    "num_employees": [
      10,
      50,
      100,
      10,
      50,
      100
    ],
    "num_roles": [
      15,
      15,
      15,
      50,
      50,
      100
    ],
    "total_comparisons": [
      150,
      750,
      1500,
      500,
      2500,
      10000
    ],
    "computation_time_ms": [
      540.0419235229492,
      2595.341205596924,
      5691.1468505859375,
      1546.4146931966147,
      7467.9454167683925,
      35587.78762817383
    ],
    "time_per_comparison_us": [
      3600.2794901529946,
      3460.4549407958984,
      3794.097900390625,
      3092.8293863932295,
      2987.178166707357,
      3558.778762817383
    ]
  },
  "exp6_distribution": {
    "all_scores": [
      77.2300033569336,
      72.93000030517578,
      64.25,
      60.27000045776367,
      54.209999084472656,
      44.790000915527344,
      42.060001373291016,
      40.369998931884766,
      40.130001068115234,
      38.36000061035156,
      33.310001373291016,
      27.670000076293945,
      27.43000030517578,
      24.239999771118164,
      13.5,
      74.75,
      65.44000244140625,
      59.52000045776367,
      54.06999969482422,
      50.650001525878906,
      47.34000015258789,
      43.380001068115234,
      36.72999954223633,
      34.029998779296875,
      30.239999771118164,
      29.969999313354492,
      29.3799991607666,
      25.43000030517578,
      23.40999984741211,
      18.31999969482422,
      77.25,
      69.22000122070312,
      54.310001373291016,
      52.59000015258789,
      42.970001220703125,
      41.130001068115234,
      34.599998474121094,
      28.049999237060547,
      27.84000015258789,
      26.670000076293945,
      24.780000686645508,
      23.959999084472656,
      23.899999618530273,
      14.680000305175781,
      13.850000381469727,
      77.61000061035156,
      75.41999816894531,
      53.119998931884766,
      40.5,
      40.09000015258789,
      36.630001068115234,
      36.130001068115234,
      30.6299991607666,
      29.860000610351562,
      29.729999542236328,
      29.459999084472656,
      26.31999969482422,
      25.670000076293945,
      24.020000457763672,
      23.1200008392334,
      71.5999984741211,
      66.0999984741211,
      63.310001373291016,
      60.349998474121094,
      54.56999969482422,
      44.81999969482422,
      42.52000045776367,
      38.040000915527344,
      35.16999816894531,
      33.54999923706055,
      31.899999618530273,
      31.479999542236328,
      26.170000076293945,
      18.940000534057617,
      12.170000076293945,
      70.58000183105469,
      54.439998626708984,
      50.11000061035156,
      45.22999954223633,
      44.27000045776367,
      43.630001068115234,
      43.40999984741211,
      39.810001373291016,
      38.90999984741211,
      37.61000061035156,
      32.810001373291016,
      29.850000381469727,
      29.280000686645508,
      28.110000610351562,
      27.219999313354492,
      77.05999755859375,
      71.87000274658203,
      64.77999877929688,
      59.68000030517578,
      57.29999923706055,
      57.15999984741211,
      45.369998931884766,
      42.22999954223633,
      38.040000915527344,
      37.45000076293945,
      33.54999923706055,
      30.979999542236328,
      30.690000534057617,
      28.940000534057617,
      26.670000076293945,
      74.58999633789062,
      62.779998779296875,
      47.790000915527344,
      44.04999923706055,
      43.709999084472656,
      41.97999954223633,
      40.11000061035156,
      39.40999984741211,
      37.72999954223633,
      36.58000183105469,
      31.75,
      30.649999618530273,
      29.959999084472656,
      22.579999923706055,
      21.170000076293945,
      69.27999877929688,
      60.810001373291016,
      55.400001525878906,
      39.119998931884766,
      39.060001373291016,
      38.849998474121094,
      38.09000015258789,
      38.02000045776367,
      38.02000045776367,
      36.220001220703125,
      35.83000183105469,
      31.299999237060547,
      25.829999923706055,
      24.239999771118164,
      21.420000076293945,
      78.4800033569336,
      71.68000030517578,
      67.93000030517578,
      53.849998474121094,
      52.0099983215332,
      49.4900016784668,
      37.56999969482422,
      37.5,
      35.09000015258789,
      33.290000915527344,
      30.299999237060547,
      26.229999542236328,
      25.31999969482422,
      19.5,
      11.8100004196167
    ],
    "top_scores": [
      77.2300033569336,
      74.75,
      77.25,
      77.61000061035156,
      71.5999984741211,
      70.58000183105469,
      77.05999755859375,
      74.58999633789062,
      69.27999877929688,
      78.4800033569336
    ],
    "employee_data": [
      {
        "employee_id": "EMP001",
        "mean_score": 44.04999542236328,
        "max_score": 77.2300033569336,
        "std_score": 17.815216064453125,
        "roles_above_70": 2,
        "roles_above_80": 0
      },
      {
        "employee_id": "EMP002",
        "mean_score": 41.51066589355469,
        "max_score": 74.75,
        "std_score": 16.105392456054688,
        "roles_above_70": 1,
        "roles_above_80": 0
      },
      {
        "employee_id": "EMP003",
        "mean_score": 37.0533332824707,
        "max_score": 77.25,
        "std_score": 18.35772705078125,
        "roles_above_70": 1,
        "roles_above_80": 0
      },
      {
        "employee_id": "EMP004",
        "mean_score": 38.55400085449219,
        "max_score": 77.61000061035156,
        "std_score": 16.686159133911133,
        "roles_above_70": 2,
        "roles_above_80": 0
      },
      {
        "employee_id": "EMP005",
        "mean_score": 42.045997619628906,
        "max_score": 71.5999984741211,
        "std_score": 17.190305709838867,
        "roles_above_70": 1,